{
  "data_source": "synthetic (offline)",
  "n_days": 3000,
  "oos_fraction": 0.4,
  "results": {
    "Buy & Hold": {
      "full": {
        "ann_return": 0.2358150791261151,
        "ann_vol": 0.4934824934274952,
        "sharpe": 0.6761372971858522,
        "sortino": 0.9906536707492287,
        "max_drawdown": -0.6174075330969881,
        "calmar": 0.38194396162165234
      },
      "oos": {
        "ann_return": 0.23935660652783364,
        "ann_vol": 0.3587869111915468,
        "sharpe": 0.7772406259691229,
        "sortino": 1.1512306885165098,
        "max_drawdown": -0.46698951570215685,
        "calmar": 0.5125524202999321
      },
      "turnover": 0.00033344448149383126,
      "avg_exposure": 1.0
    },
    "Volatility Targeting": {
      "full": {
        "ann_return": 0.13601710047710536,
        "ann_vol": 0.16346937796562933,
        "sharpe": 0.8619830472485832,
        "sortino": 1.2717065797534148,
        "max_drawdown": -0.2593898438002623,
        "calmar": 0.524373269532644
      },
      "oos": {
        "ann_return": 0.12637497182979263,
        "ann_vol": 0.1649742928664949,
        "sharpe": 0.8039106960784229,
        "sortino": 1.1795644166020087,
        "max_drawdown": -0.24016951901001693,
        "calmar": 0.5261907187502916
      },
      "turnover": 0.021247619977940863,
      "avg_exposure": 0.541650162233891
    },
    "Defensive Trend (200d)": {
      "full": {
        "ann_return": 0.053789731825208964,
        "ann_vol": 0.4211350640093096,
        "sharpe": 0.3359668771957265,
        "sortino": 0.4774180237240624,
        "max_drawdown": -0.6443632309761358,
        "calmar": 0.08347734513610242
      },
      "oos": {
        "ann_return": 0.13526878385032615,
        "ann_vol": 0.2934047530927215,
        "sharpe": 0.5790972313026403,
        "sortino": 0.8412022188306312,
        "max_drawdown": -0.31487269593148093,
        "calmar": 0.4295983284614866
      },
      "turnover": 0.034678226075358455,
      "avg_exposure": 0.7405801933977992
    },
    "Vol-Managed Trend": {
      "full": {
        "ann_return": 0.055339784503984024,
        "ann_vol": 0.1703247685717896,
        "sharpe": 0.4017553649036323,
        "sortino": 0.5657385773056395,
        "max_drawdown": -0.43848488098282645,
        "calmar": 0.1262068246912975
      },
      "oos": {
        "ann_return": 0.0925498600394592,
        "ann_vol": 0.1452970514615435,
        "sharpe": 0.6818453954199062,
        "sortino": 1.0005696471744878,
        "max_drawdown": -0.1413862074282244,
        "calmar": 0.6545890276209773
      },
      "turnover": 0.02674180342779393,
      "avg_exposure": 0.43186257706602993
    },
    "Momentum 12-1": {
      "full": {
        "ann_return": 0.03493201387840483,
        "ann_vol": 0.41138824966078785,
        "sharpe": 0.2903236385300982,
        "sortino": 0.4092828034123503,
        "max_drawdown": -0.6440962660663028,
        "calmar": 0.054234150574642453
      },
      "oos": {
        "ann_return": 0.06837448584348005,
        "ann_vol": 0.32121304224923275,
        "sharpe": 0.36648941080698266,
        "sortino": 0.5239009424851403,
        "max_drawdown": -0.44415638692496195,
        "calmar": 0.15394236772515799
      },
      "turnover": 0.025341780593531177,
      "avg_exposure": 0.7929309769923307
    }
  },
  "survivors": [
    "Volatility Targeting"
  ]
}